{
    "minecraft:note_block[instrument=HARP,note=1]": "wood",
    "minecraft:note_block[instrument=HARP,note=2]": "wood",
    "minecraft:note_block[instrument=HARP,note=3]": "wood",
    "minecraft:note_block[instrument=HARP,note=4]": "wood",
    "minecraft:note_block[instrument=HARP,note=5]": "wood",
    "minecraft:note_block[instrument=HARP,note=6]": "wood",
    "minecraft:note_block[instrument=HARP,note=7]": "wood",
    "minecraft:note_block[instrument=HARP,note=8]": "wood,stone",
    "minecraft:note_block[instrument=HARP,note=9]": "wood,stone",
    "minecraft:note_block[instrument=HARP,note=10]": "wood,stone",
    "minecraft:note_block[instrument=HARP,note=11]": "wood",
    "minecraft:note_block[instrument=HARP,note=12]": "wood",
    "minecraft:note_block[instrument=HARP,note=13]": "wood",
    "minecraft:note_block[instrument=HARP,note=14]": "wood",
    "minecraft:note_block[instrument=HARP,note=15]": "stone",
    "minecraft:note_block[instrument=HARP,note=16]": "stone",
    "minecraft:note_block[instrument=HARP,note=17]": "stone",
    "minecraft:note_block[instrument=HARP,note=18]": "stone",
    "minecraft:note_block[instrument=HARP,note=19]": "wood",
    "minecraft:note_block[instrument=HARP,note=20]": "squeakywood",
    "minecraft:note_block[instrument=HARP,note=21]": "sandstone",
    "minecraft:note_block[instrument=HARP,note=22]": "wood",
    "minecraft:note_block[instrument=HARP,note=23]": "wood",
    "minecraft:note_block[instrument=HARP,note=24]": "wood",
    
    "minecraft:note_block[instrument=BASEDRUM,note=1]": "wood",
    "minecraft:note_block[instrument=BASEDRUM,note=2]": "stone",
    "minecraft:note_block[instrument=BASEDRUM,note=3]": "stone",
    "minecraft:note_block[instrument=BASEDRUM,note=4]": "stone",
    "minecraft:note_block[instrument=BASEDRUM,note=5]": "stone",
    "minecraft:note_block[instrument=BASEDRUM,note=6]": "stone",
    "minecraft:note_block[instrument=BASEDRUM,note=7]": "stone",
    "minecraft:note_block[instrument=BASEDRUM,note=8]": "stone",
    "minecraft:note_block[instrument=BASEDRUM,note=9]": "stone",
    "minecraft:note_block[instrument=BASEDRUM,note=10]": "stone",
    "minecraft:note_block[instrument=BASEDRUM,note=11]": "NOT_EMITTER",
    "minecraft:note_block[instrument=BASEDRUM,note=12]": "brickstone",
    "minecraft:note_block[instrument=BASEDRUM,note=13]": "wood,mushroom",
    "minecraft:note_block[instrument=BASEDRUM,note=14]": "wood",
    "minecraft:note_block[instrument=BASEDRUM,note=15]": "wood",
    "minecraft:note_block[instrument=BASEDRUM,note=16]": "wood",
    "minecraft:note_block[instrument=BASEDRUM,note=17]": "wood",
    "minecraft:note_block[instrument=BASEDRUM,note=18]": "wood",
    "minecraft:note_block[instrument=BASEDRUM,note=19]": "wood",
    "minecraft:note_block[instrument=BASEDRUM,note=20]": "wood",
    "minecraft:note_block[instrument=BASEDRUM,note=21]": "wood",
    "minecraft:note_block[instrument=BASEDRUM,note=22]": "wood",
    "minecraft:note_block[instrument=BASEDRUM,note=23]": "wood",
    "minecraft:note_block[instrument=BASEDRUM,note=24]": "wood",
    
    "minecraft:note_block[instrument=SNARE,note=1]": "mushroom",
    "minecraft:note_block[instrument=SNARE,note=2]": "mushroom",
    "minecraft:note_block[instrument=SNARE,note=3]": "mushroom",
    "minecraft:note_block[instrument=SNARE,note=4]": "mushroom",
    "minecraft:note_block[instrument=SNARE,note=5]": "ore",
    "minecraft:note_block[instrument=SNARE,note=6]": "grass",
    "minecraft:note_block[instrument=SNARE,note=7]": "dirt",
    "minecraft:note_block[instrument=SNARE,note=8]": "dirt",
    "minecraft:note_block[instrument=SNARE,note=9]": "dirt,mudfine",
    "minecraft:note_block[instrument=SNARE,note=10]": "dirt,mudfine",
    "minecraft:note_block[instrument=SNARE,note=11]": "NOT_EMITTER",
    "minecraft:note_block[instrument=SNARE,note=12]": "NOT_EMITTER",
    "minecraft:note_block[instrument=SNARE,note=13]": "NOT_EMITTER",
    "minecraft:note_block[instrument=SNARE,note=14]": "NOT_EMITTER",
    "minecraft:note_block[instrument=SNARE,note=15]": "NOT_EMITTER",
    "minecraft:note_block[instrument=SNARE,note=16]": "NOT_EMITTER",
    "minecraft:note_block[instrument=SNARE,note=17]": "NOT_EMITTER",
    "minecraft:note_block[instrument=SNARE,note=18]": "NOT_EMITTER",
    "minecraft:note_block[instrument=SNARE,note=19]": "NOT_EMITTER",
    "minecraft:note_block[instrument=SNARE,note=20]": "NOT_EMITTER",
    "minecraft:note_block[instrument=SNARE,note=21]": "NOT_EMITTER",
    "minecraft:note_block[instrument=SNARE,note=22]": "NOT_EMITTER",
    "minecraft:note_block[instrument=SNARE,note=23]": "NOT_EMITTER",
    "minecraft:note_block[instrument=SNARE,note=24]": "NOT_EMITTER",
    
    "minecraft:note_block[instrument=HAT,note=1]": "wood",
    "minecraft:note_block[instrument=HAT,note=2]": "wood",
    "minecraft:note_block[instrument=HAT,note=3]": "wood",
    "minecraft:note_block[instrument=HAT,note=4]": "wood,stone",
    "minecraft:note_block[instrument=HAT,note=5]": "wood,stone",
    "minecraft:note_block[instrument=HAT,note=6]": "wood,stone",
    "minecraft:note_block[instrument=HAT,note=7]": "wood",
    "minecraft:note_block[instrument=HAT,note=8]": "wood",
    "minecraft:note_block[instrument=HAT,note=9]": "wood",
    "minecraft:note_block[instrument=HAT,note=10]": "brickstone",
    "minecraft:note_block[instrument=HAT,note=11]": "stone",
    "minecraft:note_block[instrument=HAT,note=12]": "wood",
    "minecraft:note_block[instrument=HAT,note=13]": "obsidian",
    "minecraft:note_block[instrument=HAT,note=14]": "obsidian",
    "minecraft:note_block[instrument=HAT,note=15]": "wood,mushroom",
    "minecraft:note_block[instrument=HAT,note=16]": "wood,mushroom",
    "minecraft:note_block[instrument=HAT,note=17]": "wood,mushroom",
    "minecraft:note_block[instrument=HAT,note=18]": "wood,mushroom",
    "minecraft:note_block[instrument=HAT,note=19]": "wood,mushroom",
    "minecraft:note_block[instrument=HAT,note=20]": "wood,mushroom",
    "minecraft:note_block[instrument=HAT,note=21]": "wood,mushroom",
    "minecraft:note_block[instrument=HAT,note=22]": "wood,mushroom",
    "minecraft:note_block[instrument=HAT,note=23]": "brickstone",
    "minecraft:note_block[instrument=HAT,note=24]": "brickstone",
    
    "minecraft:note_block[instrument=BASS,note=1]": "wood",
    "minecraft:note_block[instrument=BASS,note=2]": "wood",
    "minecraft:note_block[instrument=BASS,note=3]": "wood",
    "minecraft:note_block[instrument=BASS,note=4]": "wood",
    "minecraft:note_block[instrument=BASS,note=5]": "wood",
    "minecraft:note_block[instrument=BASS,note=6]": "mushroom",
    "minecraft:note_block[instrument=BASS,note=7]": "mushroom",
    "minecraft:note_block[instrument=BASS,note=8]": "mushroom",
    "minecraft:note_block[instrument=BASS,note=9]": "mushroom",
    "minecraft:note_block[instrument=BASS,note=10]": "mushroom",
    "minecraft:note_block[instrument=BASS,note=11]": "mushroom",
    "minecraft:note_block[instrument=BASS,note=12]": "mushroom",
    "minecraft:note_block[instrument=BASS,note=13]": "NOT_EMITTER",
    "minecraft:note_block[instrument=BASS,note=14]": "NOT_EMITTER",
    "minecraft:note_block[instrument=BASS,note=15]": "dirt",
    "minecraft:note_block[instrument=BASS,note=16]": "dirt",
    "minecraft:note_block[instrument=BASS,note=17]": "dirt,mudfine",
    "minecraft:note_block[instrument=BASS,note=18]": "brickstone",
    "minecraft:note_block[instrument=BASS,note=19]": "brickstone",
    "minecraft:note_block[instrument=BASS,note=20]": "brickstone",
    "minecraft:note_block[instrument=BASS,note=21]": "brickstone",
    "minecraft:note_block[instrument=BASS,note=22]": "brickstone",
    "minecraft:note_block[instrument=BASS,note=23]": "brickstone",
    "minecraft:note_block[instrument=BASS,note=24]": "brickstone",
    
    "minecraft:note_block[instrument=FLUTE,note=1]": "mushroom",
    "minecraft:note_block[instrument=FLUTE,note=2]": "mushroom",
    "minecraft:note_block[instrument=FLUTE,note=3]": "chimes",
    "minecraft:note_block[instrument=FLUTE,note=4]": "chimes",
    "minecraft:note_block[instrument=FLUTE,note=5]": "chimes",
    "minecraft:note_block[instrument=FLUTE,note=6]": "chimes",
    "minecraft:note_block[instrument=FLUTE,note=7]": "chimes",
    "minecraft:note_block[instrument=FLUTE,note=8]": "NOT_EMITTER",
    "minecraft:note_block[instrument=FLUTE,note=9]": "hardmetal",
    "minecraft:note_block[instrument=FLUTE,note=10]": "wood,mushroom",
    "minecraft:note_block[instrument=FLUTE,note=11]": "wood,mushroom",
    "minecraft:note_block[instrument=FLUTE,note=12]": "wood",
    "minecraft:note_block[instrument=FLUTE,note=13]": "wood",
    "minecraft:note_block[instrument=FLUTE,note=14]": "wood",
    "minecraft:note_block[instrument=FLUTE,note=15]": "chimes",
    "minecraft:note_block[instrument=FLUTE,note=16]": "chimes",
    "minecraft:note_block[instrument=FLUTE,note=17]": "chimes",
    "minecraft:note_block[instrument=FLUTE,note=18]": "chimes",
    "minecraft:note_block[instrument=FLUTE,note=19]": "chimes",
    "minecraft:note_block[instrument=FLUTE,note=20]": "chimes",
    "minecraft:note_block[instrument=FLUTE,note=21]": "chimes",
    "minecraft:note_block[instrument=FLUTE,note=22]": "chimes",
    "minecraft:note_block[instrument=FLUTE,note=23]": "chimes",
    "minecraft:note_block[instrument=FLUTE,note=24]": "chimes",
    
    "minecraft:note_block[instrument=BELL,note=1]": "brickstone",
    "minecraft:note_block[instrument=BELL,note=2]": "brickstone",
    "minecraft:note_block[instrument=BELL,note=3]": "brickstone",
    "minecraft:note_block[instrument=BELL,note=4]": "brickstone",
    "minecraft:note_block[instrument=BELL,note=5]": "brickstone",
    "minecraft:note_block[instrument=BELL,note=6]": "brickstone",
    "minecraft:note_block[instrument=BELL,note=7]": "brickstone",
    "minecraft:note_block[instrument=BELL,note=8]": "brickstone",
    "minecraft:note_block[instrument=BELL,note=9]": "brickstone",
    "minecraft:note_block[instrument=BELL,note=10]": "brickstone",
    "minecraft:note_block[instrument=BELL,note=11]": "stone",
    "minecraft:note_block[instrument=BELL,note=12]": "brickstone",
    "minecraft:note_block[instrument=BELL,note=13]": "dirt",
    "minecraft:note_block[instrument=BELL,note=14]": "NOT_EMITTER",
    "minecraft:note_block[instrument=BELL,note=15]": "NOT_EMITTER",
    "minecraft:note_block[instrument=BELL,note=16]": "brickstone",
    "minecraft:note_block[instrument=BELL,note=17]": "brickstone",
    "minecraft:note_block[instrument=BELL,note=18]": "brickstone",
    "minecraft:note_block[instrument=BELL,note=19]": "brickstone",
    "minecraft:note_block[instrument=BELL,note=20]": "brickstone",
    "minecraft:note_block[instrument=BELL,note=21]": "brickstone",
    "minecraft:note_block[instrument=BELL,note=22]": "brickstone",
    "minecraft:note_block[instrument=BELL,note=23]": "brickstone",
    "minecraft:note_block[instrument=BELL,note=24]": "brickstone",
    
    "minecraft:note_block[instrument=GUITAR,note=1]": "chimes",
    "minecraft:note_block[instrument=GUITAR,note=2]": "chimes",
    "minecraft:note_block[instrument=GUITAR,note=3]": "chimes",
    "minecraft:note_block[instrument=GUITAR,note=4]": "chimes",
    "minecraft:note_block[instrument=GUITAR,note=5]": "chimes",
    "minecraft:note_block[instrument=GUITAR,note=6]": "chimes",
    "minecraft:note_block[instrument=GUITAR,note=7]": "chimes",
    "minecraft:note_block[instrument=GUITAR,note=8]": "chimes",
    "minecraft:note_block[instrument=GUITAR,note=9]": "mushroom",
    "minecraft:note_block[instrument=GUITAR,note=10]": "mushroom",
    "minecraft:note_block[instrument=GUITAR,note=11]": "mushroom",
    "minecraft:note_block[instrument=GUITAR,note=12]": "ore",
    "minecraft:note_block[instrument=GUITAR,note=13]": "ore",
    "minecraft:note_block[instrument=GUITAR,note=14]": "ore",
    "minecraft:note_block[instrument=GUITAR,note=15]": "ore",
    "minecraft:note_block[instrument=GUITAR,note=16]": "ore",
    "minecraft:note_block[instrument=GUITAR,note=17]": "ore",
    "minecraft:note_block[instrument=GUITAR,note=18]": "ore",
    "minecraft:note_block[instrument=GUITAR,note=19]": "chimes",
    "minecraft:note_block[instrument=GUITAR,note=20]": "chimes",
    "minecraft:note_block[instrument=GUITAR,note=21]": "chimes",
    "minecraft:note_block[instrument=GUITAR,note=22]": "chimes",
    "minecraft:note_block[instrument=GUITAR,note=23]": "rug,grass",
    "minecraft:note_block[instrument=GUITAR,note=24]": "wood",
    
    "minecraft:note_block[instrument=CHIME,note=1]": "wood",
    "minecraft:note_block[instrument=CHIME,note=2]": "wood",
    "minecraft:note_block[instrument=CHIME,note=3]": "wood",
    "minecraft:note_block[instrument=CHIME,note=4]": "wood",
    "minecraft:note_block[instrument=CHIME,note=5]": "wood",
    "minecraft:note_block[instrument=CHIME,note=6]": "wood",
    "minecraft:note_block[instrument=CHIME,note=7]": "wood",
    "minecraft:note_block[instrument=CHIME,note=8]": "marble",
    "minecraft:note_block[instrument=CHIME,note=9]": "marble",
    "minecraft:note_block[instrument=CHIME,note=10]": "marble",
    "minecraft:note_block[instrument=CHIME,note=11]": "brickstone",
    "minecraft:note_block[instrument=CHIME,note=12]": "marble",
    "minecraft:note_block[instrument=CHIME,note=13]": "marble",
    "minecraft:note_block[instrument=CHIME,note=14]": "wood,mushroom",
    "minecraft:note_block[instrument=CHIME,note=15]": "grass",
    "minecraft:note_block[instrument=CHIME,note=16]": "wood,mushroom",
    "minecraft:note_block[instrument=CHIME,note=17]": "grass",
    "minecraft:note_block[instrument=CHIME,note=18]": "wood,mushroom",
    "minecraft:note_block[instrument=CHIME,note=19]": "wood,mushroom",
    "minecraft:note_block[instrument=CHIME,note=20]": "wood",
    "minecraft:note_block[instrument=CHIME,note=21]": "wood,mushroom",
    "minecraft:note_block[instrument=CHIME,note=22]": "wood,mushroom",
    "minecraft:note_block[instrument=CHIME,note=23]": "wood,mushroom",
    "minecraft:note_block[instrument=CHIME,note=24]": "wood",
    
    "minecraft:note_block[instrument=XYLOPHONE,note=1]": "NOT_EMITTER",
    "minecraft:note_block[instrument=XYLOPHONE,note=2]": "NOT_EMITTER",
    "minecraft:note_block[instrument=XYLOPHONE,note=3]": "NOT_EMITTER",
    "minecraft:note_block[instrument=XYLOPHONE,note=4]": "NOT_EMITTER",
    "minecraft:note_block[instrument=XYLOPHONE,note=5]": "NOT_EMITTER",
    "minecraft:note_block[instrument=XYLOPHONE,note=6]": "NOT_EMITTER",
    "minecraft:note_block[instrument=XYLOPHONE,note=7]": "NOT_EMITTER",
    "minecraft:note_block[instrument=XYLOPHONE,note=8]": "NOT_EMITTER",
    "minecraft:note_block[instrument=XYLOPHONE,note=9]": "NOT_EMITTER",
    "minecraft:note_block[instrument=XYLOPHONE,note=10]": "NOT_EMITTER",
    "minecraft:note_block[instrument=XYLOPHONE,note=11]": "NOT_EMITTER",
    "minecraft:note_block[instrument=XYLOPHONE,note=12]": "NOT_EMITTER",
    "minecraft:note_block[instrument=XYLOPHONE,note=13]": "NOT_EMITTER",
    "minecraft:note_block[instrument=XYLOPHONE,note=14]": "NOT_EMITTER",
    "minecraft:note_block[instrument=XYLOPHONE,note=15]": "NOT_EMITTER",
    "minecraft:note_block[instrument=XYLOPHONE,note=16]": "NOT_EMITTER",
    "minecraft:note_block[instrument=XYLOPHONE,note=17]": "NOT_EMITTER",
    "minecraft:note_block[instrument=XYLOPHONE,note=18]": "NOT_EMITTER",
    "minecraft:note_block[instrument=XYLOPHONE,note=19]": "NOT_EMITTER",
    "minecraft:note_block[instrument=XYLOPHONE,note=20]": "NOT_EMITTER",
    "minecraft:note_block[instrument=XYLOPHONE,note=21]": "NOT_EMITTER",
    "minecraft:note_block[instrument=XYLOPHONE,note=22]": "NOT_EMITTER",
    "minecraft:note_block[instrument=XYLOPHONE,note=23]": "NOT_EMITTER",
    "minecraft:note_block[instrument=XYLOPHONE,note=24]": "NOT_EMITTER",
    
    "minecraft:note_block[instrument=IRON_XYLOPHONE,note=1]": "brickstone",
    "minecraft:note_block[instrument=IRON_XYLOPHONE,note=2]": "brickstone",
    "minecraft:note_block[instrument=IRON_XYLOPHONE,note=3]": "brickstone",
    "minecraft:note_block[instrument=IRON_XYLOPHONE,note=4]": "wood,mushroom",
    "minecraft:note_block[instrument=IRON_XYLOPHONE,note=5]": "wood,mushroom",
    "minecraft:note_block[instrument=IRON_XYLOPHONE,note=6]": "stone",
    "minecraft:note_block[instrument=IRON_XYLOPHONE,note=7]": "stone",
    "minecraft:note_block[instrument=IRON_XYLOPHONE,note=8]": "souls",
    "minecraft:note_block[instrument=IRON_XYLOPHONE,note=9]": "souls",
    "minecraft:note_block[instrument=IRON_XYLOPHONE,note=10]": "souls",
    "minecraft:note_block[instrument=IRON_XYLOPHONE,note=11]": "chimes",
    "minecraft:note_block[instrument=IRON_XYLOPHONE,note=12]": "chimes",
    "minecraft:note_block[instrument=IRON_XYLOPHONE,note=13]": "rug",
    "minecraft:note_block[instrument=IRON_XYLOPHONE,note=14]": "rug",
    "minecraft:note_block[instrument=IRON_XYLOPHONE,note=15]": "rug",
    "minecraft:note_block[instrument=IRON_XYLOPHONE,note=16]": "rug",
    "minecraft:note_block[instrument=IRON_XYLOPHONE,note=17]": "rug",
    "minecraft:note_block[instrument=IRON_XYLOPHONE,note=18]": "rug",
    "minecraft:note_block[instrument=IRON_XYLOPHONE,note=19]": "rug",
    "minecraft:note_block[instrument=IRON_XYLOPHONE,note=20]": "rug",
    "minecraft:note_block[instrument=IRON_XYLOPHONE,note=21]": "rug",
    "minecraft:note_block[instrument=IRON_XYLOPHONE,note=22]": "rug",
    "minecraft:note_block[instrument=IRON_XYLOPHONE,note=23]": "rug",
    "minecraft:note_block[instrument=IRON_XYLOPHONE,note=24]": "rug",
    
    "minecraft:note_block[instrument=COW_BELL,note=1]": "hardmetal",
    "minecraft:note_block[instrument=COW_BELL,note=2]": "hardmetal",
    "minecraft:note_block[instrument=COW_BELL,note=3]": "composite",
    "minecraft:note_block[instrument=COW_BELL,note=4]": "composite",
    "minecraft:note_block[instrument=COW_BELL,note=5]": "wood",
    "minecraft:note_block[instrument=COW_BELL,note=6]": "wood",
    "minecraft:note_block[instrument=COW_BELL,note=7]": "wood",
    "minecraft:note_block[instrument=COW_BELL,note=8]": "chimes",
    "minecraft:note_block[instrument=COW_BELL,note=9]": "composite",
    "minecraft:note_block[instrument=COW_BELL,note=10]": "composite",
    "minecraft:note_block[instrument=COW_BELL,note=11]": "composite",
    "minecraft:note_block[instrument=COW_BELL,note=12]": "composite",
    "minecraft:note_block[instrument=COW_BELL,note=13]": "hardmetal",
    "minecraft:note_block[instrument=COW_BELL,note=14]": "hardmetal",
    "minecraft:note_block[instrument=COW_BELL,note=15]": "grass",
    "minecraft:note_block[instrument=COW_BELL,note=16]": "grass",
    "minecraft:note_block[instrument=COW_BELL,note=17]": "grass",
    "minecraft:note_block[instrument=COW_BELL,note=18]": "grass",
    "minecraft:note_block[instrument=COW_BELL,note=19]": "hardmetal",
    "minecraft:note_block[instrument=COW_BELL,note=20]": "hardmetal",
    "minecraft:note_block[instrument=COW_BELL,note=21]": "grass",
    "minecraft:note_block[instrument=COW_BELL,note=22]": "grass",
    "minecraft:note_block[instrument=COW_BELL,note=23]": "hardmetal",
    "minecraft:note_block[instrument=COW_BELL,note=24]": "hardmetal",
    
    "minecraft:note_block[instrument=DIDGERIDOO,note=1]": "composite",
    "minecraft:note_block[instrument=DIDGERIDOO,note=2]": "composite",
    "minecraft:note_block[instrument=DIDGERIDOO,note=3]": "wood",
    "minecraft:note_block[instrument=DIDGERIDOO,note=4]": "wood",
    "minecraft:note_block[instrument=DIDGERIDOO,note=5]": "wood",
    "minecraft:note_block[instrument=DIDGERIDOO,note=6]": "wood",
    "minecraft:note_block[instrument=DIDGERIDOO,note=7]": "wood",
    "minecraft:note_block[instrument=DIDGERIDOO,note=8]": "wood",
    "minecraft:note_block[instrument=DIDGERIDOO,note=9]": "wood",
    "minecraft:note_block[instrument=DIDGERIDOO,note=10]": "wood",
    "minecraft:note_block[instrument=DIDGERIDOO,note=11]": "wood",
    "minecraft:note_block[instrument=DIDGERIDOO,note=12]": "wood",
    "minecraft:note_block[instrument=DIDGERIDOO,note=13]": "NOT_EMITTER",
    "minecraft:note_block[instrument=DIDGERIDOO,note=14]": "NOT_EMITTER",
    "minecraft:note_block[instrument=DIDGERIDOO,note=15]": "wood",
    "minecraft:note_block[instrument=DIDGERIDOO,note=16]": "wood",
    "minecraft:note_block[instrument=DIDGERIDOO,note=17]": "wood",
    "minecraft:note_block[instrument=DIDGERIDOO,note=18]": "wood",
    "minecraft:note_block[instrument=DIDGERIDOO,note=19]": "wood",
    "minecraft:note_block[instrument=DIDGERIDOO,note=20]": "wood",
    "minecraft:note_block[instrument=DIDGERIDOO,note=21]": "wood",
    "minecraft:note_block[instrument=DIDGERIDOO,note=22]": "wood",
    "minecraft:note_block[instrument=DIDGERIDOO,note=23]": "NOT_EMITTER",
    "minecraft:note_block[instrument=DIDGERIDOO,note=24]": "NOT_EMITTER",
    
    "minecraft:note_block[instrument=BIT,note=1]": "brickstone",
    "minecraft:note_block[instrument=BIT,note=2]": "brickstone",
    "minecraft:note_block[instrument=BIT,note=3]": "brickstone",
    "minecraft:note_block[instrument=BIT,note=4]": "brickstone",
    "minecraft:note_block[instrument=BIT,note=5]": "brickstone",
    "minecraft:note_block[instrument=BIT,note=6]": "brickstone",
    "minecraft:note_block[instrument=BIT,note=7]": "brickstone",
    "minecraft:note_block[instrument=BIT,note=8]": "hardmetal",
    "minecraft:note_block[instrument=BIT,note=9]": "hardmetal",
    "minecraft:note_block[instrument=BIT,note=10]": "hardmetal",
    "minecraft:note_block[instrument=BIT,note=11]": "hardmetal",
    "minecraft:note_block[instrument=BIT,note=12]": "composite",
    "minecraft:note_block[instrument=BIT,note=13]": "composite",
    "minecraft:note_block[instrument=BIT,note=14]": "composite",
    "minecraft:note_block[instrument=BIT,note=15]": "composite",
    "minecraft:note_block[instrument=BIT,note=16]": "marble",
    "minecraft:note_block[instrument=BIT,note=17]": "brickstone",
    "minecraft:note_block[instrument=BIT,note=18]": "marble",
    "minecraft:note_block[instrument=BIT,note=19]": "brickstone",
    "minecraft:note_block[instrument=BIT,note=20]": "brickstone",
    "minecraft:note_block[instrument=BIT,note=21]": "stone",
    "minecraft:note_block[instrument=BIT,note=22]": "wood,mushroom",
    "minecraft:note_block[instrument=BIT,note=23]": "wood,mushroom",
    "minecraft:note_block[instrument=BIT,note=24]": "grass",
    
    "minecraft:note_block[instrument=BANJO,note=1]": "squeakywood",
    "minecraft:note_block[instrument=BANJO,note=2]": "squeakywood",
    "minecraft:note_block[instrument=BANJO,note=3]": "squeakywood",
    "minecraft:note_block[instrument=BANJO,note=4]": "ore",
    "minecraft:note_block[instrument=BANJO,note=5]": "hardmetal",
    "minecraft:note_block[instrument=BANJO,note=6]": "NOT_EMITTER",
    "minecraft:note_block[instrument=BANJO,note=7]": "NOT_EMITTER",
    "minecraft:note_block[instrument=BANJO,note=8]": "wood",
    "minecraft:note_block[instrument=BANJO,note=9]": "squeakywood",
    "minecraft:note_block[instrument=BANJO,note=10]": "ore",
    "minecraft:note_block[instrument=BANJO,note=11]": "composite",
    "minecraft:note_block[instrument=BANJO,note=12]": "dirt",
    "minecraft:note_block[instrument=BANJO,note=13]": "wood",
    "minecraft:note_block[instrument=BANJO,note=14]": "wood",
    "minecraft:note_block[instrument=BANJO,note=15]": "wood",
    "minecraft:note_block[instrument=BANJO,note=16]": "wood",
    "minecraft:note_block[instrument=BANJO,note=17]": "wood",
    "minecraft:note_block[instrument=BANJO,note=18]": "wood",
    "minecraft:note_block[instrument=BANJO,note=19]": "wood",
    "minecraft:note_block[instrument=BANJO,note=20]": "wood",
    "minecraft:note_block[instrument=BANJO,note=21]": "wood",
    "minecraft:note_block[instrument=BANJO,note=22]": "wood",
    "minecraft:note_block[instrument=BANJO,note=23]": "wood",
    "minecraft:note_block[instrument=BANJO,note=24]": "NOT_EMITTER",
    
    "minecraft:note_block[instrument=PLING,note=1]": "rug",
    "minecraft:note_block[instrument=PLING,note=2]": "rug",
    "minecraft:note_block[instrument=PLING,note=3]": "rug",
    "minecraft:note_block[instrument=PLING,note=4]": "rug",
    "minecraft:note_block[instrument=PLING,note=5]": "wood",
    "minecraft:note_block[instrument=PLING,note=6]": "wood",
    "minecraft:note_block[instrument=PLING,note=7]": "wood",
    "minecraft:note_block[instrument=PLING,note=8]": "wood",
    "minecraft:note_block[instrument=PLING,note=9]": "wood",
    "minecraft:note_block[instrument=PLING,note=10]": "wood",
    "minecraft:note_block[instrument=PLING,note=11]": "wood,stone",
    "minecraft:note_block[instrument=PLING,note=12]": "wood,stone",
    "minecraft:note_block[instrument=PLING,note=13]": "wood,stone",
    "minecraft:note_block[instrument=PLING,note=14]": "wood",
    "minecraft:note_block[instrument=PLING,note=15]": "wood",
    "minecraft:note_block[instrument=PLING,note=16]": "wood",
    "minecraft:note_block[instrument=PLING,note=17]": "stone",
    "minecraft:note_block[instrument=PLING,note=18]": "stone",
    "minecraft:note_block[instrument=PLING,note=19]": "stone",
    "minecraft:note_block[instrument=PLING,note=20]": "magma",
    "minecraft:note_block[instrument=PLING,note=21]": "magma",
    "minecraft:note_block[instrument=PLING,note=22]": "magma",
    "minecraft:note_block[instrument=PLING,note=23]": "stone",
    "minecraft:note_block[instrument=PLING,note=24]": "NOT_EMITTER",
    
    "minecraft:petrified_oak_slab[type=bottom]": "dirt"
}